id,link
252670,https://www.pluralsight.com/courses/ng-conf-enterprise-session-200
252671,https://www.pluralsight.com/courses/ng-conf-enterprise-session-214
252672,https://www.pluralsight.com/courses/ng-conf-enterprise-session-190
252673,https://www.pluralsight.com/courses/ng-conf-enterprise-session-180
252674,https://www.pluralsight.com/courses/ng-conf-enterprise-session-163
252675,https://www.pluralsight.com/courses/ng-conf-enterprise-session-140
252676,https://www.pluralsight.com/courses/ng-conf-enterprise-session-210
252677,https://www.pluralsight.com/courses/ng-conf-enterprise-session-130
252678,https://www.pluralsight.com/courses/preparing-docker-apps-production
252681,https://www.pluralsight.com/courses/splunk-search-head-clustering
252684,https://www.pluralsight.com/courses/running-queries-visualizing-data-databricks-sql
252686,https://www.pluralsight.com/courses/connecting-sql-server-databricks
252689,https://www.pluralsight.com/courses/preparing-google-cloud-professional-data-engineer-exam-2
252690,https://www.pluralsight.com/courses/upgrading-monitoring-apigee-hybrid-api-platform-1
252695,https://www.pluralsight.com/courses/enterprise-database-migration
252697,https://www.pluralsight.com/courses/microsoft-azure-solutions-architect-design-compute-solution
252699,https://www.pluralsight.com/courses/understanding-implementing-data-models-sisense
252714,https://www.pluralsight.com/courses/designing-interacting-dashboards-sisense
252715,https://www.pluralsight.com/courses/understanding-creating-functions-sisense
252716,https://www.pluralsight.com/courses/mlops-machine-learning-operations-fundamentals-2
252719,https://www.pluralsight.com/courses/security-best-practices-google-cloud-1
252720,https://www.pluralsight.com/courses/getting-started-augmented-analytics-sisense
252726,https://www.pluralsight.com/courses/macos-system-management-cert
252731,https://www.pluralsight.com/courses/essential-google-cloud-infrastructure-core-services-7
252735,https://www.pluralsight.com/courses/sap-s4hana---intermediate-sap-skills
252736,https://www.pluralsight.com/courses/creating-widgets-functions-sisense
252740,https://www.pluralsight.com/courses/pluralsight-live-2020-working-remotely
252743,https://www.pluralsight.com/courses/zsphere-modeling-zbrush-3505
252753,https://www.pluralsight.com/courses/literacy-essentials-core-concepts-generative-adversarial-network
252755,https://www.pluralsight.com/courses/implementing-php-forms
252759,https://www.pluralsight.com/courses/getting-started-google-kubernetes-engine-7
252765,https://www.pluralsight.com/courses/mlops-machine-learning-operations-fundamentals-4
252766,https://www.pluralsight.com/courses/3december-presentation-maya-realflow-955
252768,https://www.pluralsight.com/courses/creating-and-applying-filters-sisense
252772,https://www.pluralsight.com/courses/ionic-getting-started
252777,https://www.pluralsight.com/courses/architecting-google-kubernetes-engine-workloads-5
252778,https://www.pluralsight.com/courses/play-by-play-four-key-skills-pace
252779,https://www.pluralsight.com/courses/exfiltration-powershell-rat
252780,https://www.pluralsight.com/courses/allthetalks-session-36
252784,https://www.pluralsight.com/courses/evidence-based-opportunities-managing
252786,https://www.pluralsight.com/courses/build-first-data-visualization-frappe
252787,https://www.pluralsight.com/courses/getting-started-with-sisense
252790,https://www.pluralsight.com/courses/managing-storage-oracle
252793,https://www.pluralsight.com/courses/api-design-fundamentals-google-clouds-apigee-api-platform-4
252794,https://www.pluralsight.com/courses/preparing-professional-cloud-security-engineer-journey-1
252795,https://www.pluralsight.com/courses/data-literacy-essentials-conversation-ai
252798,https://www.pluralsight.com/courses/vmware-cloud-on-aws-fundamentals
252800,https://www.pluralsight.com/courses/live-europe-2020-cloud-story
252802,https://www.pluralsight.com/courses/introduction-char-rigging-3ds-max-336
252805,https://www.pluralsight.com/courses/ng-conf-2020-session-38
252812,https://www.pluralsight.com/courses/play-by-play-packaging-deploying-real-world-asp-dont-net-core-app
252822,https://www.pluralsight.com/courses/hashicorp-boundary-first-look
252828,https://www.pluralsight.com/courses/api-development-google-clouds-apigee-api-platform-2
252829,https://www.pluralsight.com/courses/polygon-modeling-tips-softimage-994
252833,https://www.pluralsight.com/courses/shading-network-tips-softimage-990
252835,https://www.pluralsight.com/courses/understanding-google-cloud-security-operations-1
252836,https://www.pluralsight.com/courses/comparing-softimage-maya-interfaces-997
252838,https://www.pluralsight.com/courses/app-deployment-debugging-performance-5
252851,https://www.pluralsight.com/courses/understanding-google-cloud-costs
252854,https://www.pluralsight.com/courses/identity-management-authentication-access-control-squid
252855,https://www.pluralsight.com/courses/ng-conf-2020-session-11
252885,https://www.pluralsight.com/courses/ansible-new-relic-integrating
252892,https://www.pluralsight.com/courses/tips-tricks-softimage-995
252893,https://www.pluralsight.com/courses/tips-tricks-syflex-999
252894,https://www.pluralsight.com/courses/whats-new-mari-1-4-v3-950
252895,https://www.pluralsight.com/courses/tips-tricks-indesign-947
252899,https://www.pluralsight.com/courses/modeling-tips-softimage-992
252901,https://www.pluralsight.com/courses/whats-new-mari-1-4-949
252918,https://www.pluralsight.com/courses/extracting-insights-data-databricks-sql
252927,https://www.pluralsight.com/courses/cct-data-center-cisco-equipment-hardware-cert
252929,https://www.pluralsight.com/courses/managing-applications-cloud-foundry
252970,https://www.pluralsight.com/courses/ramp-tricks-maya-957
252976,https://www.pluralsight.com/courses/microsoft-azure-cognitive-services-language-services
252979,https://www.pluralsight.com/courses/managing-security-google-cloud-platform
253006,https://www.pluralsight.com/courses/droidcon-nyc-session-80
253070,https://www.pluralsight.com/courses/ng-conf-enterprise-session-01
253073,https://www.pluralsight.com/courses/service-design-strategy-workshops
253078,https://www.pluralsight.com/courses/hashicorp-vault-integrating-devops-workflows
253079,https://www.pluralsight.com/courses/microsoft-bot-framework-composer2-building-bots
253089,https://www.pluralsight.com/courses/auto-scaling-aws-resources
253090,https://www.pluralsight.com/courses/managing-power-platform-solutions
253092,https://www.pluralsight.com/courses/suricata-getting-started
253100,https://www.pluralsight.com/courses/pluralsight-live-2020-building-todometer
253101,https://www.pluralsight.com/courses/networking-google-cloud-hybrid-connectivity-network-management-5
253108,https://www.pluralsight.com/courses/mitigating-security-vulnerabilities-google-cloud-1
253109,https://www.pluralsight.com/courses/pluralsight-live-2020-open-source-way
253119,https://www.pluralsight.com/courses/itil-4-strategist-getting-started
253122,https://www.pluralsight.com/courses/management-plane-solutions
253129,https://www.pluralsight.com/courses/pluralsight-live-2020-ibm-new-collar-apprenticeship
253131,https://www.pluralsight.com/courses/intro-layer-3-solutions
253135,https://www.pluralsight.com/courses/mitigating-security-vulnerabilities-google-cloud-2
253149,https://www.pluralsight.com/courses/pluralsight-live-2020-aws-machine-learning
253152,https://www.pluralsight.com/courses/citrix-adc-troubleshooting
253157,https://www.pluralsight.com/courses/ccai-operations-implementation
253167,https://www.pluralsight.com/courses/intro-routing-protocols
253230,https://www.pluralsight.com/courses/ng-conf-2020-session-14
253231,https://www.pluralsight.com/courses/solution-detail-internet-tracking
253245,https://www.pluralsight.com/courses/google-workspace-mail-management
253246,https://www.pluralsight.com/courses/live-europe-2020-innovation-in-risk
253283,https://www.pluralsight.com/courses/5g-cyber-security-first-look
253348,https://www.pluralsight.com/courses/msft-365-mobility-security-security-threat-management
253349,https://www.pluralsight.com/courses/enterprise-systems-app-modernization-1
253409,https://www.pluralsight.com/courses/ng-conf-2020-session-31
253421,https://www.pluralsight.com/courses/covid-19-self-reliant-neighborhoods
253430,https://www.pluralsight.com/courses/covid-19-polarizing-pandemics
253448,https://www.pluralsight.com/courses/knowledge-management-salesforce-service-cloud
253455,https://www.pluralsight.com/courses/introduction-aruba-networking-concepts-switching-network-design-1
253459,https://www.pluralsight.com/courses/comptia-cloud-plus-deployment-cert
253477,https://www.pluralsight.com/courses/juniper-networks-jncia-junos-configuration-basics
253487,https://www.pluralsight.com/courses/cisco-aci-deploying
253490,https://www.pluralsight.com/courses/big-data-ldn-2020-3t-people-first-organization
253503,https://www.pluralsight.com/courses/pluralsight-live-2020-iag
253508,https://www.pluralsight.com/courses/how-google-does-machine-learning-1
253516,https://www.pluralsight.com/courses/agile-environments-collaboration-self-management
253569,https://www.pluralsight.com/courses/devseccon24-attract-women
253599,https://www.pluralsight.com/courses/microsoft-azure-monthly-update-episode-3
253619,https://www.pluralsight.com/courses/azure-automation-getting-started
253622,https://www.pluralsight.com/courses/js-friends-session-04
253636,https://www.pluralsight.com/courses/logging-monitoring-observability-google-cloud-1
253639,https://www.pluralsight.com/courses/ng-conf-2020-session-25
253645,https://www.pluralsight.com/courses/ng-conf-2020-session-42
253646,https://www.pluralsight.com/courses/exam-alert-implement-security-iot-microsoft-azure
253650,https://www.pluralsight.com/courses/devseccon24-ignites-apac
253657,https://www.pluralsight.com/courses/getting-started-google-kubernetes-engine-5
253658,https://www.pluralsight.com/courses/msft-365-mobility-security-governance-compliance
253697,https://www.pluralsight.com/courses/microsoft-azure-solutions-architect-preparing-az-304-exam
253707,https://www.pluralsight.com/courses/administering-delivery-pipeline-ecosystem-salesforce-cert
253712,https://www.pluralsight.com/courses/creating-deployment-packages-sharepoint-framework-projects
253747,https://www.pluralsight.com/courses/pluralsight-live-2020-development-strategy
253772,https://www.pluralsight.com/courses/migrating-sap-workloads-azure
253776,https://www.pluralsight.com/courses/devseccon24-securing-pipeline-open-source-tools
253790,https://www.pluralsight.com/courses/allthetalks-session-37
253812,https://www.pluralsight.com/courses/introduction-enterprise-resiliency
253817,https://www.pluralsight.com/courses/build-optimal-models-azure-automated-ml
253820,https://www.pluralsight.com/courses/building-resilient-streaming-analytics-systems-gcp-1
253829,https://www.pluralsight.com/courses/implementing-nutanix-networking-security
253850,https://www.pluralsight.com/courses/js-friends-session-14
253861,https://www.pluralsight.com/courses/exam-alert-implement-iot-edge-microsoft-azure
253905,https://www.pluralsight.com/courses/ng-conf-2020-session-23
253906,https://www.pluralsight.com/courses/ng-conf-2020-session-06
253919,https://www.pluralsight.com/courses/covid-19-curing-diseases
253920,https://www.pluralsight.com/courses/pluralsight-live-2020-sisters-who-tech
253960,https://www.pluralsight.com/courses/cisco-sd-wan-advanced-policies
253985,https://www.pluralsight.com/courses/ng-conf-2020-session-26
253992,https://www.pluralsight.com/courses/exam-alert-design-identity-security-microsoft-azure
253997,https://www.pluralsight.com/courses/incident-response-recovery-sscp-cert
254017,https://www.pluralsight.com/courses/getting-started-h20-ai
254028,https://www.pluralsight.com/courses/designing-azure-solution-support-sap-workloads
254042,https://www.pluralsight.com/courses/innovating-data-google-cloud-2
254047,https://www.pluralsight.com/courses/tableau-desktop-certified-associate-dashboards
254060,https://www.pluralsight.com/courses/gatsbyjs-plugins-themes-starters-playbook
254063,https://www.pluralsight.com/courses/exam-alert-design-data-storage-microsoft-azure
254065,https://www.pluralsight.com/courses/icagile-icp-fdo-getting-started-cert
254066,https://www.pluralsight.com/courses/icagile-icp-fdo-continuous-integration
254071,https://www.pluralsight.com/courses/microsoft-azure-solutions-architect-design-storage-accounts
254096,https://www.pluralsight.com/courses/microsoft-azure-security-engineer-configure-security-databases
254100,https://www.pluralsight.com/courses/exam-alert-manage-security-operations-microsoft-azure
254117,https://www.pluralsight.com/courses/api-design-fundamentals-google-clouds-apigee-api-platform-2
254122,https://www.pluralsight.com/courses/microsoft-365-administration-playbook
254124,https://www.pluralsight.com/courses/pluralsight-live-2020-accenture
254146,https://www.pluralsight.com/courses/comptia-cloud-plus-cloud-architecture-design-cert
254151,https://www.pluralsight.com/courses/aspnet-securing-multi-tenant-server-side-apps-spas
254155,https://www.pluralsight.com/courses/exam-alert-manage-identity-access-microsoft-azure
254163,https://www.pluralsight.com/courses/msft-365-identity-services-managing-access-authentication
254171,https://www.pluralsight.com/courses/exam-alert-secure-data-applications-microsoft-azure
254172,https://www.pluralsight.com/courses/security-operations-administration-sscp-cert
254182,https://www.pluralsight.com/courses/microsoft-azure-security-engineer-monitor-security-using-azure-monitor
254228,https://www.pluralsight.com/courses/microsoft-azure-solutions-architect-introduction-az-303-exam
254230,https://www.pluralsight.com/courses/icagile-icp-prg-collaboration-tooling
254236,https://www.pluralsight.com/courses/feedback-sharing-sessions-successfully
254247,https://www.pluralsight.com/courses/virtual-agent-development-dialogflow-es-citizen-devs
254248,https://www.pluralsight.com/courses/allthetalks-session-65
254252,https://www.pluralsight.com/courses/monitoring-troubleshooting-azure-kubernetes-service-clusters-workloads
254272,https://www.pluralsight.com/courses/access-controls-sscp-cert
254282,https://www.pluralsight.com/courses/cordova-apps-angular-typescript-vscode
254288,https://www.pluralsight.com/courses/touch-motion-events-ios
254291,https://www.pluralsight.com/courses/microsoft-azure-executive-briefing
254310,https://www.pluralsight.com/courses/aws-assigning-resource-based-policies
254335,https://www.pluralsight.com/courses/fundamentals-citrix-application-delivery-security-service-2
254344,https://www.pluralsight.com/courses/javascript-javascript-html-documents
254345,https://www.pluralsight.com/courses/purescript-1-fundamentals
254346,https://www.pluralsight.com/courses/gatsbyjs-consuming-data
254349,https://www.pluralsight.com/courses/go-range-slices
254350,https://www.pluralsight.com/courses/angular-template-files-stylesheets
254365,https://www.pluralsight.com/courses/advanced-reporting-salesforce-cert
254366,https://www.pluralsight.com/courses/core-concepts-recurrent-neural-networks
254371,https://www.pluralsight.com/courses/sap-fundamentals-beginners
254373,https://www.pluralsight.com/courses/microsoft-power-platform-developer-preparing-exam-pl-400-cert
254381,https://www.pluralsight.com/courses/angular-ngfor-directive
254384,https://www.pluralsight.com/courses/mastering-microsoft-azure-resource-manager-architecture
254409,https://www.pluralsight.com/courses/win-11-desktop-admin-managing-devices-applications-storage
254413,https://www.pluralsight.com/courses/data-preparation-analysis-alteryx
254424,https://www.pluralsight.com/courses/jcl-zos-fundamentals
254433,https://www.pluralsight.com/courses/sitecore-9-helix-getting-started
254434,https://www.pluralsight.com/courses/management-to-technical-professional
254435,https://www.pluralsight.com/courses/elastic-google-cloud-infrastructure-scaling-automation-7
254436,https://www.pluralsight.com/courses/analyzing-data-different-sources-sisense
254437,https://www.pluralsight.com/courses/ispf-editor-playbook
254438,https://www.pluralsight.com/courses/data-literacy-essentials-ethics-augmented-analytics
254439,https://www.pluralsight.com/courses/fundamentals-citrix-application-delivery-security-service
254442,https://www.pluralsight.com/courses/managing-administering-databricks-service
254449,https://www.pluralsight.com/courses/js-friends-session-01
254451,https://www.pluralsight.com/courses/vmware-nsx-t-data-center-administrative-operational-tasks-cert
254452,https://www.pluralsight.com/courses/rhcs-advanced-automation-ansible-core-cert
254453,https://www.pluralsight.com/courses/data-collection-processing-ctia-cert
254458,https://www.pluralsight.com/courses/windows-server-2022-monitor-troubleshoot-server-environments-cert
254466,https://www.pluralsight.com/courses/industrial-iot-google-cloud-3
254467,https://www.pluralsight.com/courses/modernizing-data-lakes-data-warehouses-google-cloud-1
254468,https://www.pluralsight.com/courses/computer-vision-google-cloud
254469,https://www.pluralsight.com/courses/essential-google-cloud-infrastructure-core-services-8
254475,https://www.pluralsight.com/courses/iiba-cca-getting-started-cert
254476,https://www.pluralsight.com/courses/migrating-google-cloud-7
254477,https://www.pluralsight.com/courses/preparing-professional-cloud-network-engineer-journey-1
254478,https://www.pluralsight.com/courses/recommendation-systems-google-cloud
254479,https://www.pluralsight.com/courses/api-design-fundamentals-google-clouds-apigee-api-platform-5
254480,https://www.pluralsight.com/courses/launching-machine-learning-2
254481,https://www.pluralsight.com/courses/api-security-google-clouds-apigee-api-platform-c2
254484,https://www.pluralsight.com/courses/machine-learning-enterprise
254485,https://www.pluralsight.com/courses/how-google-does-machine-learning-2
254486,https://www.pluralsight.com/courses/networking-google-cloud-defining-implementing-networks-6
254489,https://www.pluralsight.com/courses/deploying-sap-google-cloud
254499,https://www.pluralsight.com/courses/tools-code-analysis-pentest-plus-cert
254528,https://www.pluralsight.com/courses/feature-engineering-2
254529,https://www.pluralsight.com/courses/api-design-fundamentals-google-clouds-apigee-api-platform-3
254531,https://www.pluralsight.com/courses/iiba-cca-risks-controls-cert
254533,https://www.pluralsight.com/courses/iiba-cca-analysis-techniques-cert
254534,https://www.pluralsight.com/courses/managing-sitecore-docker-containers
254537,https://www.pluralsight.com/courses/msft-365-messaging-securing-messaging-environment
254544,https://www.pluralsight.com/courses/exam-review-tips-tricks-cism-cert
254566,https://www.pluralsight.com/courses/using-validation-best-practices-secure-aspdotnet-core-applications
254578,https://www.pluralsight.com/courses/oracle-database-program-creating-functions-cert
254579,https://www.pluralsight.com/courses/oracle-database-program-managing-dependencies-cert
254585,https://www.pluralsight.com/courses/automated-browser-testing-test-cafe-typescript
254588,https://www.pluralsight.com/courses/preparing-associate-cloud-engineer-journey
254614,https://www.pluralsight.com/courses/windows-server-2022-manage-workloads-hybrid-environments-cert
254617,https://www.pluralsight.com/courses/microsoft-azure-iot-developer-configure-stream-processing
254618,https://www.pluralsight.com/courses/building-resilient-streaming-analytics-systems-google-cloud
254630,https://www.pluralsight.com/courses/vmware-nsx-t-data-center-concepts-use-cases-cert
254642,https://www.pluralsight.com/courses/os-analysis-volatility
254663,https://www.pluralsight.com/courses/ng-conf-2021-session-32-part-2
254670,https://www.pluralsight.com/courses/servicenow-setting-up-virtual-agent
254674,https://www.pluralsight.com/courses/data-manipulation-alteryx
254681,https://www.pluralsight.com/courses/play-by-play-crafting-audience-experience-salesforce-communities
254685,https://www.pluralsight.com/courses/oracle-database-program-handling-exceptions
254686,https://www.pluralsight.com/courses/first-coursetalent-transformation-101-change-management-part-1
254688,https://www.pluralsight.com/courses/introduction-google-workspace
254693,https://www.pluralsight.com/courses/google-cloud-fundamentals-azure-professionals-core-infrastructure
254695,https://www.pluralsight.com/courses/google-cloud-fundamentals-aws-professionals
254696,https://www.pluralsight.com/courses/managing-securing-apigee-hybrid-api-platform-3
254697,https://www.pluralsight.com/courses/msft-teams-voice-engineer-plan-configure-direct-routing
254701,https://www.pluralsight.com/courses/ng-conf-2020-session-40
254703,https://www.pluralsight.com/courses/architecting-installing-apigee-hybrid-api-platform-3
254708,https://www.pluralsight.com/courses/service-design-process-lifecycle-mapping
254715,https://www.pluralsight.com/courses/microsoft-azure-solutions-architect-design-backup-recovery
254718,https://www.pluralsight.com/courses/tensorflow-google-cloud-1
254722,https://www.pluralsight.com/courses/reconnaissance-spiderfoot
254749,https://www.pluralsight.com/courses/moving-storefront-workspace
254750,https://www.pluralsight.com/courses/getting-started-service-design
254755,https://www.pluralsight.com/courses/getting-started-google-kubernetes-engine-6
254759,https://www.pluralsight.com/courses/javascript-while-loops
254769,https://www.pluralsight.com/courses/specialized-attacks-physical-social-engineering
254770,https://www.pluralsight.com/courses/microsoft-azure-solutions-architect-design-databases
254776,https://www.pluralsight.com/courses/aws-sysops-admin-implement-cost-optimization-strategies
254785,https://www.pluralsight.com/courses/msft-teams-voice-engineer-optimize-network-performance-cert
254793,https://www.pluralsight.com/courses/preparing-professional-cloud-security-engineer-journey-2
254794,https://www.pluralsight.com/courses/upgrading-monitoring-apigee-hybrid-api-platform-3
254795,https://www.pluralsight.com/courses/successful-teams
254800,https://www.pluralsight.com/courses/comptia-linux-plus-security-cert
254802,https://www.pluralsight.com/courses/vue-cypress-end-to-end-testing
254805,https://www.pluralsight.com/courses/azure-monthly-update-episode-1
254812,https://www.pluralsight.com/courses/reconnaissance-shodan
254835,https://www.pluralsight.com/courses/launching-machine-learning-1
254836,https://www.pluralsight.com/courses/feature-engineering-1
254837,https://www.pluralsight.com/courses/tensorflow-google-cloud
254846,https://www.pluralsight.com/courses/microsoft-azure-iot-developer-implement-device-security-using-dps
254847,https://www.pluralsight.com/courses/exam-alert-monitor-troubleshoot-optimize-iot-solutions-microsoft-azure
254852,https://www.pluralsight.com/courses/javascript-alert-confirm-prompt
254856,https://www.pluralsight.com/courses/cct-data-center-cisco-ucs-nx-os-software-operation-cert
254861,https://www.pluralsight.com/courses/windows-server-2022-manage-virtual-machines-containers-cert
254880,https://www.pluralsight.com/courses/knowledge-manager-101
254887,https://www.pluralsight.com/courses/code-school-javascript-road-trip-part-2
254889,https://www.pluralsight.com/courses/hashicorp-consul-associate-intro-cert
254891,https://www.pluralsight.com/courses/hybrid-cloud-infrastructure-foundations-anthos-3
254903,https://www.pluralsight.com/courses/planning-google-workspace-deployment
254914,https://www.pluralsight.com/courses/exploring-product-management-philosophies-frameworks
254922,https://www.pluralsight.com/courses/integrating-business-intelligence-tools-databricks
254928,https://www.pluralsight.com/courses/msft-teams-voice-engineer-teams-phone-voice-users-configure-cert
254932,https://www.pluralsight.com/courses/intelligence-reporting-dissemination-ctia-cert
254970,https://www.pluralsight.com/courses/technical-professionals-managing
254980,https://www.pluralsight.com/courses/hybrid-cloud-multi-cluster-anthos-2
254981,https://www.pluralsight.com/courses/hybrid-cloud-service-mesh-anthos-1
254998,https://www.pluralsight.com/courses/exploring-augmented-analytics-ibm-watson
255009,https://www.pluralsight.com/courses/monthly-malware-april
255011,https://www.pluralsight.com/courses/hashicorp-consul-ensuring-security
255016,https://www.pluralsight.com/courses/solarwinds-big-picture
255119,https://www.pluralsight.com/courses/sirikit-introduction
255143,https://www.pluralsight.com/courses/ansible-cloud-networks-automating-multi-vendor
255145,https://www.pluralsight.com/courses/getting-started-embedded-analytics-sisense
255146,https://www.pluralsight.com/courses/introduction-citrix-secure-internet-access-citrix-virtual-apps-desktops
255147,https://www.pluralsight.com/courses/msft-365-mobility-security-introduction
255148,https://www.pluralsight.com/courses/build-first-dashboard-geckoboard
255149,https://www.pluralsight.com/courses/mem-cloud-management-gateway-mecm
255150,https://www.pluralsight.com/courses/fundamentals-citrix-gateway-service
255151,https://www.pluralsight.com/courses/google-docs
255152,https://www.pluralsight.com/courses/accessdata-password-recovery-toolkit-prtk
255153,https://www.pluralsight.com/courses/macos-data-management
255155,https://www.pluralsight.com/courses/citrix-adc-high-availability-disaster-recovery-cert
255156,https://www.pluralsight.com/courses/comptia-cloud-plus-troubleshooting-cert
255157,https://www.pluralsight.com/courses/exploring-product-launch-plan
255158,https://www.pluralsight.com/courses/fundamentals-citrix-workspace-microapps
255159,https://www.pluralsight.com/courses/fundamentals-citrix-content-collaboration
255160,https://www.pluralsight.com/courses/deploying-managing-windows-workloads-google-cloud
255163,https://www.pluralsight.com/courses/whats-new-office-2021
255164,https://www.pluralsight.com/courses/comptia-cloud-plus-security-cert
255165,https://www.pluralsight.com/courses/serverless-data-processing-dataflow-develop-pipelines
255166,https://www.pluralsight.com/courses/microsoft-365-security-management-fundamentals
255167,https://www.pluralsight.com/courses/scom-2019-whats-new
255168,https://www.pluralsight.com/courses/mem-mecm-intune-compliance-policies
255169,https://www.pluralsight.com/courses/configuring-managing-workspaces-databricks-service
255170,https://www.pluralsight.com/courses/integrating-azure-databricks-local-development-environments
255171,https://www.pluralsight.com/courses/integrating-sql-etl-tools-databricks
255172,https://www.pluralsight.com/courses/getting-started-augmented-analytics
255173,https://www.pluralsight.com/courses/managing-database-instances-oracle-cert
255174,https://www.pluralsight.com/courses/estimation-calibration-reliable-forecasts
255175,https://www.pluralsight.com/courses/deep-learning-application-retail
255176,https://www.pluralsight.com/courses/salesforce-development-data-modeling-management-cert
255183,https://www.pluralsight.com/courses/credential-access-lazagne
255187,https://www.pluralsight.com/courses/agile-environments-planning
255195,https://www.pluralsight.com/courses/web-speech-api-angular-js
255218,https://www.pluralsight.com/courses/managing-project-resources
255220,https://www.pluralsight.com/courses/red-hat-certified-specialist-ansible-tower-basics-cert
255313,https://www.pluralsight.com/courses/managing-undo-oracle
255350,https://www.pluralsight.com/courses/introduction-digital-transformation-google-cloud
255362,https://www.pluralsight.com/courses/cleansing-data-excel
255363,https://www.pluralsight.com/courses/using-rest-api-salesforce-marketing-cloud
255373,https://www.pluralsight.com/courses/machine-learning-enterprise-1
255379,https://www.pluralsight.com/courses/exam-alert-design-business-continuity-microsoft-azure
255386,https://www.pluralsight.com/courses/planning-traditional-project-environments
255406,https://www.pluralsight.com/courses/performing-administrative-tasks-databricks-sql
255408,https://www.pluralsight.com/courses/okta-administration-practical-admin-task-review-cert
255410,https://www.pluralsight.com/courses/microsoft-azure-solutions-architect-design-data-integration
255411,https://www.pluralsight.com/courses/docker-security-implementing
255412,https://www.pluralsight.com/courses/advanced-salesforce-data-sharing-security-administration-cert
255418,https://www.pluralsight.com/courses/networking-google-cloud-hybrid-connectivity-network-management-6
255419,https://www.pluralsight.com/courses/closing-out-project-work
255425,https://www.pluralsight.com/courses/data-management-tools-databricks
255426,https://www.pluralsight.com/courses/risk-management-strategy-terrascan
255428,https://www.pluralsight.com/courses/deliverability-salesforce-marketing-cloud-cert
255429,https://www.pluralsight.com/courses/ibm-security-qradar-architecture-deployment
255430,https://www.pluralsight.com/courses/microsoft-azure-solutions-architect-design-migrations
255436,https://www.pluralsight.com/courses/leveraging-timely-onpremises-data-with-power-bi
255442,https://www.pluralsight.com/courses/implement-jit-jea-administration-windows-server-2019
255447,https://www.pluralsight.com/courses/splunk-8-configuring-administering-splunk-indexer-clusters
255451,https://www.pluralsight.com/courses/cct-data-center-service-related-knowledge-cert
255452,https://www.pluralsight.com/courses/google-cloud-fundamentals-azure-professionals
255457,https://www.pluralsight.com/courses/exam-alert-design-infrastructure-microsoft-azure
255468,https://www.pluralsight.com/courses/network-discovery-enumeration-powershell
255472,https://www.pluralsight.com/courses/power-apps-demonstrating-business-value
255477,https://www.pluralsight.com/courses/getting-started-itil-4-specialist-amcs
255481,https://www.pluralsight.com/courses/microsoft-teams-developing-applications
255483,https://www.pluralsight.com/courses/microsoft-azure-sourcing-data
255499,https://www.pluralsight.com/courses/okta-administration-security-cert
255508,https://www.pluralsight.com/courses/talent-transformation-101-change-management-part-3
255515,https://www.pluralsight.com/courses/networking-google-cloud-hybrid-connectivity-network-management-7
255516,https://www.pluralsight.com/courses/hybrid-cloud-modernizing-applications-anthos
255517,https://www.pluralsight.com/courses/machine-learning-enterprise-2
255518,https://www.pluralsight.com/courses/multi-cluster-multi-cloud-anthos
255519,https://www.pluralsight.com/courses/anthos-bare-metal
255520,https://www.pluralsight.com/courses/preparing-professional-cloud-security-engineer-journey-4
255530,https://www.pluralsight.com/courses/misp-threat-intelligence
255531,https://www.pluralsight.com/courses/natural-language-processing-google-cloud
255532,https://www.pluralsight.com/courses/teams-calling
255533,https://www.pluralsight.com/courses/building-no-code-apps-appsheet-automation
255534,https://www.pluralsight.com/courses/building-resilient-streaming-analytics-systems-google-cloud-1
255535,https://www.pluralsight.com/courses/building-batch-data-pipelines-google-cloud
255536,https://www.pluralsight.com/courses/modernizing-data-lakes-data-warehouses-google-cloud-2
255537,https://www.pluralsight.com/courses/google-cloud-big-data-machine-learning-fundamentals-1
255542,https://www.pluralsight.com/courses/dot-net-6-applications-cross-platform-tooling
255553,https://www.pluralsight.com/courses/msft-teams-voice-engineer-plan-configure-phone-cert
255556,https://www.pluralsight.com/courses/microsoft-teams-troubleshooting-meetings-live-events-cert
255557,https://www.pluralsight.com/courses/microsoft-teams-skype-federation-issues-troubleshooting-cert
255558,https://www.pluralsight.com/courses/ms-720-microsoft-teams-voice-engineer-exam-intro-cert
255560,https://www.pluralsight.com/courses/domain-areas-iiba-cbda-certification
255579,https://www.pluralsight.com/courses/openshift-configuring-storage
255583,https://www.pluralsight.com/courses/junos-os-high-availability
255586,https://www.pluralsight.com/courses/data-analysis-ctia-cert
255589,https://www.pluralsight.com/courses/automated-configuration-tool-virtual-apps-desktops
255593,https://www.pluralsight.com/courses/deep-learning-application-healthcare
255598,https://www.pluralsight.com/courses/establish-team-goals-roles-guidelines
255604,https://www.pluralsight.com/courses/cisco-core-security-describing-configuring-vpns
255607,https://www.pluralsight.com/courses/microsoft-azure-solutions-architect-design-governance
255608,https://www.pluralsight.com/courses/ai-law-implementing-trustworthy-ai
255612,https://www.pluralsight.com/courses/spring-boot-development-configuration-deployment
255613,https://www.pluralsight.com/courses/openshift-cluster-securing
255619,https://www.pluralsight.com/courses/preparing-professional-cloud-security-engineer-journey-3
255621,https://www.pluralsight.com/courses/smart-analytics-machine-learning-ai-google-cloud-1
255638,https://www.pluralsight.com/courses/openshift-nodes-workloads-managing
255640,https://www.pluralsight.com/courses/identity-management-authentication-access-control-pfsense
255642,https://www.pluralsight.com/courses/os-analysis-osquery
255643,https://www.pluralsight.com/courses/extensions-frameworks-integrations-used-zeek
255644,https://www.pluralsight.com/courses/writing-zeek-rules
255645,https://www.pluralsight.com/courses/deploy-citrix-virtual-apps-desktops-service-microsoft-azure
255656,https://www.pluralsight.com/courses/icagile-agile-fundamentals-knowledge-practice
255657,https://www.pluralsight.com/courses/it-professional-operational-procedures-cert
255660,https://www.pluralsight.com/courses/salesforce-administration-productivity-collaboration-cert
255662,https://www.pluralsight.com/courses/openshift-implementing-networking
255663,https://www.pluralsight.com/courses/salesforce-administration-data-analytics-management-cert
255683,https://www.pluralsight.com/courses/privilege-escalation-sharpup
255691,https://www.pluralsight.com/courses/ng-conf-2021-session-28
255692,https://www.pluralsight.com/courses/splunk-9-installation-configuration
255698,https://www.pluralsight.com/courses/microsoft-azure-solutions-architect-preparing-az-303-exam
255700,https://www.pluralsight.com/courses/app-deployment-debugging-performance-7
255701,https://www.pluralsight.com/courses/google-cloud-big-data-machine-learning-fundamentals-2
255702,https://www.pluralsight.com/courses/achieving-advanced-insights-bigquery-1
255716,https://www.pluralsight.com/courses/icagile-icp-asd-evolving-architecture-design
255719,https://www.pluralsight.com/courses/fundamentals-citrix-virtual-apps-desktops
255724,https://www.pluralsight.com/courses/fundamentals-citrix-application-delivery-controller-adc
255726,https://www.pluralsight.com/courses/perl-5-big-picture
255732,https://www.pluralsight.com/courses/exploring-preparing-data-bigquery-1
255733,https://www.pluralsight.com/courses/recognizing-surviving-emotionally-toxic-workplace
255747,https://www.pluralsight.com/courses/ethical-hacking-penetration-testing
255751,https://www.pluralsight.com/courses/microsoft-azure-solutions-architect-implement-virtual-machine-strategy
255758,https://www.pluralsight.com/courses/troubleshooting-microsoft-teams-ms-740-exam-introduction-cert
255764,https://www.pluralsight.com/courses/getting-started-application-development-6
255767,https://www.pluralsight.com/courses/jakarta-ee-9-rabbitmq-messaging
255771,https://www.pluralsight.com/courses/sentiment-classification-recurrent-neural-networks
255776,https://www.pluralsight.com/courses/big-data-ldn-2020-your-data-journey
255777,https://www.pluralsight.com/courses/implement-image-recognition-convolutional-neural-network
255778,https://www.pluralsight.com/courses/win-11-desktop-admin-system-maintenance-troubleshooting
255786,https://www.pluralsight.com/courses/fundamentals-citrix-gateway
255791,https://www.pluralsight.com/courses/salesforce-certified-platform-developer-intro-cert
255810,https://www.pluralsight.com/courses/okta-administration-administration-troubleshooting-cert
255811,https://www.pluralsight.com/courses/servicenow-capturing-monitoring-slas
255812,https://www.pluralsight.com/courses/microsoft-azure-solutions-architect-implement-cloud-infrastructure-monitoring-strategy
255818,https://www.pluralsight.com/courses/windows-server-2016-storage-solutions
255819,https://www.pluralsight.com/courses/architecting-google-kubernetes-engine-foundations-5
255823,https://www.pluralsight.com/courses/using-xamarin-forms-shell
255827,https://www.pluralsight.com/courses/ps-live-2019-equality
255833,https://www.pluralsight.com/courses/windows-server-2022-security-management
255834,https://www.pluralsight.com/courses/fundamentals-citrix-workspace-environment-management-service
255835,https://www.pluralsight.com/courses/sdn-sd-wan-fundamentals-migrating-maintaining-solution
255837,https://www.pluralsight.com/courses/preparing-associate-cloud-engineer-examination
255845,https://www.pluralsight.com/courses/okta-administration-user-lifecycle-management-cert
255849,https://www.pluralsight.com/courses/enterprise-database-migration-1
255850,https://www.pluralsight.com/courses/comptia-itf-plus-security-cert
255861,https://www.pluralsight.com/courses/developing-alexa-skills
255862,https://www.pluralsight.com/courses/oracle-database-program-plsql-creating-packages-cert
255868,https://www.pluralsight.com/courses/moving-data-oracle
255869,https://www.pluralsight.com/courses/microsoft-azure-security-engineer-manage-azure-active-directory-identities
255882,https://www.pluralsight.com/courses/allthetalks-session-38
255884,https://www.pluralsight.com/courses/pluralsight-live-2020-beyond-java
255887,https://www.pluralsight.com/courses/designing-scalable-systems-aws
255888,https://www.pluralsight.com/courses/mitigate-threats-microsoft-defender-cert
255897,https://www.pluralsight.com/courses/oracle-database-program-plsql-creating-compound-ddl-event-database-triggers-cert
255902,https://www.pluralsight.com/courses/file-analysis-trufflehog
255911,https://www.pluralsight.com/courses/csharp-classes-methods-objects-loops
255913,https://www.pluralsight.com/courses/oracle-database-program-using-plsql-subprograms-cert
255924,https://www.pluralsight.com/courses/windows-server-2022-implement-manage-on-prem-hybrid-network-cert
255925,https://www.pluralsight.com/courses/azure-sap-workloads-designing-implementing-ha-disaster-recovery-cert
255930,https://www.pluralsight.com/courses/big-data-ldn-2020-meteomatics
255934,https://www.pluralsight.com/courses/covid-19-digital-epidemic-management
255937,https://www.pluralsight.com/courses/reliable-google-cloud-infrastructure-design-process-5
255942,https://www.pluralsight.com/courses/okta-certified-professional-intro-cert
255946,https://www.pluralsight.com/courses/oracle-database-program-plsql-working-packages-cert
255951,https://www.pluralsight.com/courses/salesforce-administration-sales-marketing-applications-cert
255952,https://www.pluralsight.com/courses/react-18-first-look
255962,https://www.pluralsight.com/courses/microsoft-azure-administrator-monitor-troubleshoot-vn
255963,https://www.pluralsight.com/courses/windows-10-maintaining-cert
255970,https://www.pluralsight.com/courses/say-goodbye-wagile
255972,https://www.pluralsight.com/courses/visualizing-data-snowflake
255973,https://www.pluralsight.com/courses/new-relic-fundamentals
255982,https://www.pluralsight.com/courses/exam-alert-implement-iot-solution-infrastructure-microsoft-azure
255995,https://www.pluralsight.com/courses/elm-zero-dot-19-fundamentals
256003,https://www.pluralsight.com/courses/ng-conf-2020-session-41
256004,https://www.pluralsight.com/courses/ng-conf-2020-session-35
256007,https://www.pluralsight.com/courses/pluralsight-live-2020-problem-little-programs
256020,https://www.pluralsight.com/courses/icagile-icp-tst-overview
256028,https://www.pluralsight.com/courses/integrating-automated-security-testing-tools
256030,https://www.pluralsight.com/courses/enterprise-cloud-strategy-big-picture
256034,https://www.pluralsight.com/courses/ng-conf-2020-session-36
256037,https://www.pluralsight.com/courses/microsoft-azure-solutions-architect-design-logging-monitoring-solution
256055,https://www.pluralsight.com/courses/cloud-operations-service-mesh-anthos-2
256070,https://www.pluralsight.com/courses/powerpoint-2021-essentials
256079,https://www.pluralsight.com/courses/evaluating-data-mining-model
256088,https://www.pluralsight.com/courses/word-2019-pro
256093,https://www.pluralsight.com/courses/pluralsight-live-2020-vuca
256113,https://www.pluralsight.com/courses/create-cloud-contact-center-amazon-connect
256130,https://www.pluralsight.com/courses/abts-fundamentals
256135,https://www.pluralsight.com/courses/microsoft-azure-iot-developer-manage-iot-devices-iot-hub
256138,https://www.pluralsight.com/courses/owasp-dependency-check-supply-chain-risk-management
256141,https://www.pluralsight.com/courses/windows-11-pro
256145,https://www.pluralsight.com/courses/getting-started-data-analysis-alteryx
256151,https://www.pluralsight.com/courses/oracle-database-program-working-composite-data-types-cert
256158,https://www.pluralsight.com/courses/microsoft-azure-workloads-migrating
256167,https://www.pluralsight.com/courses/estimating-team-most-value-work-matters
256169,https://www.pluralsight.com/courses/iiba-cca-operational-components-cert
256172,https://www.pluralsight.com/courses/oracle-database-program-writing-control-structures-cert
256176,https://www.pluralsight.com/courses/incident-response-network-analysis
256186,https://www.pluralsight.com/courses/salesforce-administration-object-manager-lightning-app-builder-cert
256196,https://www.pluralsight.com/courses/citrix-gateway-adc-deploying
256197,https://www.pluralsight.com/courses/monitoring-optimizing-queries-databricks-sql
256203,https://www.pluralsight.com/courses/execution-unicorn
256210,https://www.pluralsight.com/courses/microsoft-devops-solutions-communicating-collaborating-stakeholders
256231,https://www.pluralsight.com/courses/risk-identification-monitoring-analysis-sscp-cert
256237,https://www.pluralsight.com/courses/applying-to-organization-iiba-cbda-certification
256238,https://www.pluralsight.com/courses/overview-business-data-iiba-cbda-certification
256242,https://www.pluralsight.com/courses/teams-essentials-2022
256246,https://www.pluralsight.com/courses/set-analyzing-live-system-process-files
256257,https://www.pluralsight.com/courses/jakarta-ee-9-web-profile-big-picture
256259,https://www.pluralsight.com/courses/privilege-escalation-certify
256260,https://www.pluralsight.com/courses/packetbeat-detecting-anomalies-events
256264,https://www.pluralsight.com/courses/microsoft-edge-1
256265,https://www.pluralsight.com/courses/windows-10-20h2-update
256267,https://www.pluralsight.com/courses/splunk-9-optimizing-fields-tags-event-types
256273,https://www.pluralsight.com/courses/netbeans-ide-13-fundamentals
256274,https://www.pluralsight.com/courses/threat-intelligence-msticpy
256294,https://www.pluralsight.com/courses/vsphere-7-implementing-security-best-practices
256299,https://www.pluralsight.com/courses/fundamentals-network-virtualization
256311,https://www.pluralsight.com/courses/designing-data-visualizations
256335,https://www.pluralsight.com/courses/troubleshooting-sql-server-performance-spwholsactive
256340,https://www.pluralsight.com/courses/optimizing-apache-spark-databricks
256351,https://www.pluralsight.com/courses/build-object-detection-model-python
256359,https://www.pluralsight.com/courses/salesforce-administration-configuration-setup-cert
256362,https://www.pluralsight.com/courses/manage-account-access-salesforce-territory-mgmt
256365,https://www.pluralsight.com/courses/pci-dss-v4-whats-new
256366,https://www.pluralsight.com/courses/closing-the-plan-change-management
256371,https://www.pluralsight.com/courses/implementing-nutanix-high-availability-disaster-recovery-cert
256375,https://www.pluralsight.com/courses/networking-google-cloud-defining-implementing-networks-7
256380,https://www.pluralsight.com/courses/python-whats-new
256387,https://www.pluralsight.com/courses/azure-infrastructure-designing-implementing-sap-workloads-cert
256393,https://www.pluralsight.com/courses/css-flexbox-layout
256394,https://www.pluralsight.com/courses/oracle-database-program-procedures-parameters-cert
256396,https://www.pluralsight.com/courses/migrating-sap-workloads-azure-cert
256418,https://www.pluralsight.com/courses/penetration-testing-planning-scoping-recon
256422,https://www.pluralsight.com/courses/cloud-operations-service-mesh-anthos-3
256423,https://www.pluralsight.com/courses/sitecore-9-helix-website-building
256425,https://www.pluralsight.com/courses/perl-5-fundamentals
256429,https://www.pluralsight.com/courses/go-accessing-relational-databases
256431,https://www.pluralsight.com/courses/go-accessing-non-relational-databases
256432,https://www.pluralsight.com/courses/bottle-012-fundamentals
256434,https://www.pluralsight.com/courses/configuring-net-services-oracle-cert
256442,https://www.pluralsight.com/courses/msft-365-messaging-managing-mail-architecture
256443,https://www.pluralsight.com/courses/pluralsight-live-2020-certification-journey-google-cloud
256444,https://www.pluralsight.com/courses/pluralsight-live-2020-cloud-certifications-hands-on-labs
256445,https://www.pluralsight.com/courses/overview-certified-change-management
256446,https://www.pluralsight.com/courses/integration-services-fundamentals-part-two
256450,https://www.pluralsight.com/courses/rhel-8-operating-running-systems
256504,https://www.pluralsight.com/courses/servicenow-branding-instances-service-portals
256527,https://www.pluralsight.com/courses/advanced-searching-reporting-splunk-enterprise
256528,https://www.pluralsight.com/courses/ibm-security-qradar-functions-capabilities
256531,https://www.pluralsight.com/courses/data-strategy-business-strategy-executive-briefing
256533,https://www.pluralsight.com/courses/tcl-fundamentals
256541,https://www.pluralsight.com/courses/comptia-itf-plus-software-development-databases-cert
256543,https://www.pluralsight.com/courses/snort-extensions-frameworks-integrations
256548,https://www.pluralsight.com/courses/abap-workbench-big-picture
256556,https://www.pluralsight.com/courses/okta-administration-identity-access-management-cert
256557,https://www.pluralsight.com/courses/splunk-9-configuring-administering-splunk-indexer-clusters
256561,https://www.pluralsight.com/courses/extjs-desktop-fundamentals
256573,https://www.pluralsight.com/courses/spring-framework-5-debugging-error-handling
256574,https://www.pluralsight.com/courses/salesforce-administration-service-support-applications-cert
256575,https://www.pluralsight.com/courses/windows-10-connectivity-storage-configuring-cert
256576,https://www.pluralsight.com/courses/comptia-linux-plus-system-management-cert
256579,https://www.pluralsight.com/courses/iiba-cca-data-security-concepts-cert
256584,https://www.pluralsight.com/courses/xamarin-forms-5-fundamentals
256585,https://www.pluralsight.com/courses/linkerd-service-mesh-getting-started
256588,https://www.pluralsight.com/courses/business-transformation-google-cloud-1
256591,https://www.pluralsight.com/courses/comptia-security-plus-exam-briefing
256593,https://www.pluralsight.com/courses/microsoft-teams-troubleshooting-file-issues-cert
256594,https://www.pluralsight.com/courses/msft-365-identity-services-office-365-workloads-applications
256597,https://www.pluralsight.com/courses/cct-data-center-cisco-data-center-basics-cert
256598,https://www.pluralsight.com/courses/cct-data-center-certification-intro-cert
256600,https://www.pluralsight.com/courses/taking-the-exam-certified-analytics-professional
256607,https://www.pluralsight.com/courses/couchcon-innovation-ninja
256612,https://www.pluralsight.com/courses/docker-swarm-getting-started
256632,https://www.pluralsight.com/courses/mining-data-variable-dependencies
256641,https://www.pluralsight.com/courses/identify-requirements-solution-features-performance-licensing-dp-500
256642,https://www.pluralsight.com/courses/big-data-ldn-2020-advising-data-science-projects
256645,https://www.pluralsight.com/courses/preparing-professional-cloud-architect-journey-1
256647,https://www.pluralsight.com/courses/service-orchestration-choreography-google-cloud
256648,https://www.pluralsight.com/courses/how-google-does-machine-learning-4
256649,https://www.pluralsight.com/courses/architecting-google-kubernetes-engine-foundations-7
256650,https://www.pluralsight.com/courses/google-cloud-fundamentals-aws-professionals-3
256651,https://www.pluralsight.com/courses/google-cloud-fundamentals-azure-professionals-core-infrastructure-4
256652,https://www.pluralsight.com/courses/architecting-google-kubernetes-engine-workloads-7
256653,https://www.pluralsight.com/courses/preparing-associate-cloud-engineer-journey-6
256670,https://www.pluralsight.com/courses/rhcs-openshift-administration-configuring-networking-storage-cert
256678,https://www.pluralsight.com/courses/recommendation-systems-tensorflow-google-cloud
256692,https://www.pluralsight.com/courses/network-basics-python
256704,https://www.pluralsight.com/courses/microsoft-teams-configure-device-network-settings-cert
256705,https://www.pluralsight.com/courses/splunk-9-correlating-events-transactions
256709,https://www.pluralsight.com/courses/aws-sysops-admin-implement-networking-features-connectivity
256715,https://www.pluralsight.com/courses/ios-android-mobile-devices-microsoft-intune-managing
256718,https://www.pluralsight.com/courses/manage-palo-alto-firewalls-panorama-implement-high-availability
256721,https://www.pluralsight.com/courses/vsphere-7-managing-vsphere-resources
256740,https://www.pluralsight.com/courses/java-se-8-programmer-creating-using-arrays-1z0-808-cert
256744,https://www.pluralsight.com/courses/network-security-monitoring-suricata
256749,https://www.pluralsight.com/courses/modern-desktops-policies-profiles
256750,https://www.pluralsight.com/courses/optimizing-google-cloud-costs
256752,https://www.pluralsight.com/courses/deploy-citrix-daas-google-cloud
256766,https://www.pluralsight.com/courses/microsoft-teams-ignite-2022-it-ops-sessions
256767,https://www.pluralsight.com/courses/splunk-9-splunk-security-introduction
256789,https://www.pluralsight.com/courses/rhcs-advanced-automation-ansible-tower-mastering-cert
256794,https://www.pluralsight.com/courses/working-azure-databricks-programmatically
256796,https://www.pluralsight.com/courses/sharing-feedback-difficult-personalities
256800,https://www.pluralsight.com/courses/devseccon24-evolution-software-supply-chain-attack
256801,https://www.pluralsight.com/courses/devseccon24-pull-request-etiquette
256808,https://www.pluralsight.com/courses/allthetalks-session-29
256810,https://www.pluralsight.com/courses/splunk-9-performing-basic-splunk-searches
256814,https://www.pluralsight.com/courses/ibm-security-qradar-incident-investigation
256815,https://www.pluralsight.com/courses/extending-business-processes-plug-ins-power-platform-cert
256817,https://www.pluralsight.com/courses/extending-power-platform-user-experience
256820,https://www.pluralsight.com/courses/firebase-build-big-picture
256821,https://www.pluralsight.com/courses/managing-tablespaces-datafiles-oracle
256822,https://www.pluralsight.com/courses/getting-started-google-kubernetes-engine-8
256823,https://www.pluralsight.com/courses/continuous-monitoring-big-picture-2022
256824,https://www.pluralsight.com/courses/fiddler-classic-5-fundamentals
256834,https://www.pluralsight.com/courses/architecting-google-kubernetes-engine-foundations-6
256837,https://www.pluralsight.com/courses/working-semi-structured-data-snowflake
256847,https://www.pluralsight.com/courses/understanding-ableism-workplace
256849,https://www.pluralsight.com/courses/swiftui-building-ios-user-interfaces
256862,https://www.pluralsight.com/courses/debugging-testing-publishing-flutter-app
256886,https://www.pluralsight.com/courses/administering-clusters-configuring-policies-databricks-service
256891,https://www.pluralsight.com/courses/introduction-citrix-secure-private-access
256898,https://www.pluralsight.com/courses/allthetalks-session-66
256912,https://www.pluralsight.com/courses/specialized-engineering-healthcare-facilities
256913,https://www.pluralsight.com/courses/no-estimates-way-forcast
256915,https://www.pluralsight.com/courses/python-network-activity-packet-analysis
256916,https://www.pluralsight.com/courses/techskills-day-2021-session-01
256924,https://www.pluralsight.com/courses/specialized-hunts-threat-hunting-active-directory
256929,https://www.pluralsight.com/courses/lateral-movement-crackmapexec
256930,https://www.pluralsight.com/courses/creating-chatbots-microsoft-power-virtual-agents
256947,https://www.pluralsight.com/courses/live-europe-2020-kubernetes
256950,https://www.pluralsight.com/courses/vmware-vsan-getting-started
256952,https://www.pluralsight.com/courses/ng-conf-2020-session-37
256970,https://www.pluralsight.com/courses/how-google-does-machine-learning-3
256971,https://www.pluralsight.com/courses/google-cloud-fundamentals-azure-professionals-core-infrastructure-1
256972,https://www.pluralsight.com/courses/google-cloud-fundamentals-aws-professionals-1
256973,https://www.pluralsight.com/courses/building-no-code-apps-appsheet-foundations-3
256974,https://www.pluralsight.com/courses/preparing-associate-cloud-engineer-journey-5
256976,https://www.pluralsight.com/courses/eliminating-bias-prejudices-stereotyping-understanding-others
256995,https://www.pluralsight.com/courses/scala-type-classes-parameterization
257008,https://www.pluralsight.com/courses/ubuntu-linux-administration-operation-running-systems-cert
257016,https://www.pluralsight.com/courses/integration-services-fundamentals
257027,https://www.pluralsight.com/courses/administering-service-support-applications-salesforce
257028,https://www.pluralsight.com/courses/java-se-8-programmer-working-methods-encapsulation-1z0-808-cert
257030,https://www.pluralsight.com/courses/rhcs-openshift-administration-users-policies-resource-access-cert
257031,https://www.pluralsight.com/courses/rhcs-openshift-administration-cluster-scaling-pod-scheduling-cert
257036,https://www.pluralsight.com/courses/exam-alert-design-monitoring-msft-azure
257042,https://www.pluralsight.com/courses/microsoft-azure-app-services-big-picture
257055,https://www.pluralsight.com/courses/implement-security-azure-data-lakes
257056,https://www.pluralsight.com/courses/certified-kubernetes-security-specialist-exam-introduction-cert
257057,https://www.pluralsight.com/courses/kubernetes-security-cluster-setups-cert
257060,https://www.pluralsight.com/courses/java-working-selected-classes-api-java-se-8-programmer-1z0-808-cert
257063,https://www.pluralsight.com/courses/cisco-enterprise-networks-troubleshooting-ospf-eigrp-ipv6
257067,https://www.pluralsight.com/courses/specialized-hunts-threat-hunting-mail-servers
257068,https://www.pluralsight.com/courses/fireside-chat-gary-feierabend-manulife
257070,https://www.pluralsight.com/courses/digital-transformation-ipo-introducing-ws-1
257071,https://www.pluralsight.com/courses/build-azure-skills-microsoft-learn-pluralsight
257075,https://www.pluralsight.com/courses/keynote-sejal-amin-khoros
257076,https://www.pluralsight.com/courses/fireside-chat-allison-horn-accenture
257082,https://www.pluralsight.com/courses/chaos-conf-session-13
257085,https://www.pluralsight.com/courses/ng-conf-enterprise-session-11
257087,https://www.pluralsight.com/courses/ng-conf-enterprise-session-12
257089,https://www.pluralsight.com/courses/ng-conf-enterprise-session-09
257090,https://www.pluralsight.com/courses/ng-conf-enterprise-session-16
257095,https://www.pluralsight.com/courses/ng-conf-enterprise-session-18
257098,https://www.pluralsight.com/courses/ng-conf-enterprise-session-05
257099,https://www.pluralsight.com/courses/ng-conf-enterprise-session-20
257100,https://www.pluralsight.com/courses/chaos-conf-session-15
257101,https://www.pluralsight.com/courses/chaos-conf-session-07
257104,https://www.pluralsight.com/courses/chaos-conf-session-04
257107,https://www.pluralsight.com/courses/chaos-conf-session-17
257108,https://www.pluralsight.com/courses/chaos-conf-session-10
257112,https://www.pluralsight.com/courses/pluralsight-live-2020-all-hands-on-tech-jason-alba
257114,https://www.pluralsight.com/courses/pluralsight-live-2020-all-hands-on-tech-ross-bargurdes
257117,https://www.pluralsight.com/courses/pluralsight-live-2020-all-hands-on-tech-julie-lerman
257120,https://www.pluralsight.com/courses/pluralsight-live-2020-all-hands-on-tech-shelley-benhoff
257121,https://www.pluralsight.com/courses/pluralsight-live-2020-all-hands-on-tech-jordan-morrow
257123,https://www.pluralsight.com/courses/experience-summit-impact-career-vision
257125,https://www.pluralsight.com/courses/experience-summit-productive-disagreement
257127,https://www.pluralsight.com/courses/experience-summit-making-research-captivating
257128,https://www.pluralsight.com/courses/pluralsight-live-2020-all-hands-on-tech-katherine-mcnamara
257130,https://www.pluralsight.com/courses/experience-summit-mfa
257134,https://www.pluralsight.com/courses/experience-summit-empathy-design
257137,https://www.pluralsight.com/courses/comptia-itf-plus-introduction-cert
257143,https://www.pluralsight.com/courses/cisco-collaboration-fundamentals-registering-endpoints-dial-plan
257149,https://www.pluralsight.com/courses/excel-2021-pro
257158,https://www.pluralsight.com/courses/amazon-rds-best-practices
257171,https://www.pluralsight.com/courses/scala-language-getting-started
257184,https://www.pluralsight.com/courses/techskillsday-interview-john-papa
257188,https://www.pluralsight.com/courses/msft-security-compliance-identity-fundamentals-security-solutions
257190,https://www.pluralsight.com/courses/specialized-attacks-wireless
257196,https://www.pluralsight.com/courses/exam-review-tips-ccsp-cert
257198,https://www.pluralsight.com/courses/effectively-optimizing-inventory-sap
257217,https://www.pluralsight.com/courses/splunk-9-generating-tailored-searches
257218,https://www.pluralsight.com/courses/implement-natural-language-processing-word-embedding
257224,https://www.pluralsight.com/courses/windows-virtual-desktop-introduction
257241,https://www.pluralsight.com/courses/powershell-toolmaking-fundamentals-update
257243,https://www.pluralsight.com/courses/information-security-risk-management-cism-cert
257244,https://www.pluralsight.com/courses/techskills-day-2021-session-02
257251,https://www.pluralsight.com/courses/publishing-consuming-events-power-platform-cert
257255,https://www.pluralsight.com/courses/hdfs-getting-started
257258,https://www.pluralsight.com/courses/fundamentals-citrix-cloud
257259,https://www.pluralsight.com/courses/managing-machine-learning-projects-google-cloud-1
257260,https://www.pluralsight.com/courses/google-meet-google-chat
257272,https://www.pluralsight.com/courses/preparing-google-cloud-professional-data-engineer-exam-3
257274,https://www.pluralsight.com/courses/architecting-google-kubernetes-engine-production-5
257275,https://www.pluralsight.com/courses/architecting-google-kubernetes-engine-workloads-6
257281,https://www.pluralsight.com/courses/preparing-professional-cloud-architect-journey
257283,https://www.pluralsight.com/courses/microsoft-power-platform-functional-consultant-exam-prep
257285,https://www.pluralsight.com/courses/analyzing-visualizing-data-looker-2
257289,https://www.pluralsight.com/courses/gitops-automations-multiple-eks-environments
257295,https://www.pluralsight.com/courses/az-303-implement-automation-strategy-resource-deployment
257314,https://www.pluralsight.com/courses/security-governance-glba
257323,https://www.pluralsight.com/courses/vcp-nv-certification-introduction-cert
257329,https://www.pluralsight.com/courses/cisco-collaboration-core-350-801-exam-prep
257330,https://www.pluralsight.com/courses/sharepoint-onedrive-lists-ignite-2022-it-ops-sessions
257333,https://www.pluralsight.com/courses/sdn-sd-wan-fundamentals-software-defined-networking-intro
257335,https://www.pluralsight.com/courses/microsoft-viva-365-ignite-2022-it-ops-sessions
257344,https://www.pluralsight.com/courses/5g-enablement-enterprise-it-ops-sessions
257348,https://www.pluralsight.com/courses/okta-phishing-attacks-hardening-it-ops-sessions
257363,https://www.pluralsight.com/courses/hashicorp-vault-server-managing
257367,https://www.pluralsight.com/courses/cisco-enarsi-300-410-exam-introduction
257375,https://www.pluralsight.com/courses/ng-conf-2021-session-19
257379,https://www.pluralsight.com/courses/arduino-developers-playbook
257381,https://www.pluralsight.com/courses/scala-classes-objects
257393,https://www.pluralsight.com/courses/data-literacy-essentials-decision-intelligence
257396,https://www.pluralsight.com/courses/docker-kubernetes-handling-data-stateful-applications
257418,https://www.pluralsight.com/courses/microsoft-teams-phone-systems-managing-cert
257419,https://www.pluralsight.com/courses/design-build-tabular-models-dp-500
257420,https://www.pluralsight.com/courses/securing-integrating-components-application-7
257421,https://www.pluralsight.com/courses/applying-machine-learning-data-google-cloud
257437,https://www.pluralsight.com/courses/gin-1-fundamentals
257438,https://www.pluralsight.com/courses/essential-google-cloud-infrastructure-foundation-3
257449,https://www.pluralsight.com/courses/incident-response-host-analysis
257454,https://www.pluralsight.com/courses/manage-datasets-power-bi
257458,https://www.pluralsight.com/courses/log4j-exploit-technical-dive
257459,https://www.pluralsight.com/courses/perform-index-management-tasks-in-kibana
257461,https://www.pluralsight.com/courses/python-system-services-activity-monitoring
257464,https://www.pluralsight.com/courses/smart-analytics-machine-learning-ai-google-cloud-2
257465,https://www.pluralsight.com/courses/building-resilient-streaming-analytics-systems-google-cloud-2
257466,https://www.pluralsight.com/courses/achieving-advanced-insights-bigquery-2
257467,https://www.pluralsight.com/courses/modernizing-data-lakes-data-warehouses-google-cloud-3
257468,https://www.pluralsight.com/courses/building-batch-data-pipelines-google-cloud-2
257474,https://www.pluralsight.com/courses/exploring-preparing-data-bigquery-2
257475,https://www.pluralsight.com/courses/developing-data-models-lookml-2
257476,https://www.pluralsight.com/courses/getting-started-application-development-7
257477,https://www.pluralsight.com/courses/cct-routing-switching-networking-foundations-cert
257479,https://www.pluralsight.com/courses/app-deployment-debugging-performance-8
257480,https://www.pluralsight.com/courses/develop-deploy-windows-applications-google-cloud
257508,https://www.pluralsight.com/courses/fundamentals-agile-transformation
257509,https://www.pluralsight.com/courses/veeam-availability-suite-v11-testing-capabilities
257511,https://www.pluralsight.com/courses/getting-started-google-kubernetes-engine-100
257512,https://www.pluralsight.com/courses/aws-pluralsight-tech-talent-future-learning
257513,https://www.pluralsight.com/courses/panel-2022-best-tech-winners-circle
257521,https://www.pluralsight.com/courses/secure-coding-identifying-mitigating-xxe-vulnerabilities
257523,https://www.pluralsight.com/courses/javascript-npm-yarn-package-management
257524,https://www.pluralsight.com/courses/managing-securing-apigee-hybrid-api-platform-5
257525,https://www.pluralsight.com/courses/iiba-cpoa-business-analysis-product-owners-cert
257526,https://www.pluralsight.com/courses/delivering-value-product-ownership-analysis-cert
257529,https://www.pluralsight.com/courses/integrate-veeam-availability-suite-components
257530,https://www.pluralsight.com/courses/business-analysis-techniques-product-owners-cert
257545,https://www.pluralsight.com/courses/asp-dot-net-core-6-web-api-react-building-end-to-end-spa
257547,https://www.pluralsight.com/courses/windows-11-internals-threads
257587,https://www.pluralsight.com/courses/develop-deploy-windows-applications-google-cloud-2
257598,https://www.pluralsight.com/courses/architecting-google-kubernetes-engine-production-6
257599,https://www.pluralsight.com/courses/architecting-installing-apigee-hybrid-api-platform-4
257600,https://www.pluralsight.com/courses/managing-securing-apigee-hybrid-api-platform-4
257601,https://www.pluralsight.com/courses/upgrading-monitoring-apigee-hybrid-api-platform-4
257615,https://www.pluralsight.com/courses/new-bigquery-datasets-visualizing-insights-1
257618,https://www.pluralsight.com/courses/vmware-workspace-one-concepts-architecture-technologies-cert
257619,https://www.pluralsight.com/courses/iiba-cca-overview-study-plan
257620,https://www.pluralsight.com/courses/mlops-machine-learning-operations-fundamentals-5
257622,https://www.pluralsight.com/courses/windows-server-2022-intro-exam-az-800-cert
257648,https://www.pluralsight.com/courses/api-development-google-clouds-apigee-api-platform-3
257649,https://www.pluralsight.com/courses/api-design-fundamentals-google-clouds-apigee-api-platform-6
257650,https://www.pluralsight.com/courses/api-security-google-clouds-apigee-api-platform-2
257652,https://www.pluralsight.com/courses/managing-security-google-cloud-50
257700,https://www.pluralsight.com/courses/c-sharp-10-dynamic-programming
257705,https://www.pluralsight.com/courses/snowpro-core-performance-concepts
257706,https://www.pluralsight.com/courses/essential-google-cloud-infrastructure-foundation-60
257739,https://www.pluralsight.com/courses/vsphere-8-introduction0
257768,https://www.pluralsight.com/courses/managing-project-changes-closure
257769,https://www.pluralsight.com/courses/html-css-web-development-big-picture
257771,https://www.pluralsight.com/courses/developing-google-sre-culture-4
257772,https://www.pluralsight.com/courses/preparing-google-cloud-professional-data-engineer-exam-4
257773,https://www.pluralsight.com/courses/smart-analytics-machine-learning-ai-google-cloud-3
257774,https://www.pluralsight.com/courses/securing-integrating-components-application-8
257775,https://www.pluralsight.com/courses/app-deployment-debugging-performance-9
257777,https://www.pluralsight.com/courses/getting-started-application-development-8
257778,https://www.pluralsight.com/courses/modernizing-data-lakes-data-warehouses-google-cloud-4
257779,https://www.pluralsight.com/courses/building-batch-data-pipelines-google-cloud-3
257781,https://www.pluralsight.com/courses/mitigating-security-vulnerabilities-google-cloud-5
257782,https://www.pluralsight.com/courses/building-hybrid-multicloud-practice
257783,https://www.pluralsight.com/courses/leveraging-data-dora-metrics-transform-software-delivery-process
257785,https://www.pluralsight.com/courses/fireside-chat-johnny-taylor-jr-dot-shrm
257786,https://www.pluralsight.com/courses/driving-tech-fluency-scale
257787,https://www.pluralsight.com/courses/panel-tech-meets-talent---learning-pros-tech-team-world
257788,https://www.pluralsight.com/courses/where-do-rd-dollars-go-how-align-investments-outcomes
257789,https://www.pluralsight.com/courses/crowd-sourcing-compensation-through-mesh-networks
257790,https://www.pluralsight.com/courses/people-first-strategies-digital-first-transformation-bmo
257791,https://www.pluralsight.com/courses/keynote-pluralsight-skills
257792,https://www.pluralsight.com/courses/managing-security-google-cloud-5
257794,https://www.pluralsight.com/courses/aws-pluralsight-tech-talent-future-learning0
257815,https://www.pluralsight.com/courses/premiere-pro-cc-360-video
257824,https://www.pluralsight.com/courses/adobe-illustrator-cc-creating-tshirt-design
257830,https://www.pluralsight.com/courses/whats-new-c-sharp-nine
257831,https://www.pluralsight.com/courses/new-bigquery-datasets-visualizing-insights-2
257832,https://www.pluralsight.com/courses/building-resilient-streaming-analytics-systems-google-cloud-3
257833,https://www.pluralsight.com/courses/exploring-preparing-data-bigquery-3
257834,https://www.pluralsight.com/courses/applying-machine-learning-data-google-cloud-1
257835,https://www.pluralsight.com/courses/developing-data-models-lookml-3
257836,https://www.pluralsight.com/courses/optimizing-google-cloud-costs-1
257837,https://www.pluralsight.com/courses/reliable-google-cloud-infrastructure-design-process-7
257838,https://www.pluralsight.com/courses/api-development-google-clouds-apigee-api-platform-4
257839,https://www.pluralsight.com/courses/architecting-installing-apigee-hybrid-api-platform-5
257840,https://www.pluralsight.com/courses/managing-securing-apigee-hybrid-api-platform-50
257841,https://www.pluralsight.com/courses/architecting-google-kubernetes-engine-production-c3-1
257842,https://www.pluralsight.com/courses/getting-started-google-kubernetes-engine-10
257843,https://www.pluralsight.com/courses/api-security-google-clouds-apigee-api-platform-3
257844,https://www.pluralsight.com/courses/security-best-practices-google-cloud-6
257845,https://www.pluralsight.com/courses/upgrading-monitoring-apigee-hybrid-api-platform-5
257848,https://www.pluralsight.com/courses/spring-5-web-applications-validating-data-input
257849,https://www.pluralsight.com/courses/scaling-up-digital-body-language
257850,https://www.pluralsight.com/courses/suse-enterprise-linux-administration-fundamentals
257890,https://www.pluralsight.com/courses/managing-security-google-cloud-4
257911,https://www.pluralsight.com/courses/analyzing-visualizing-data-looker-3
257913,https://www.pluralsight.com/courses/essential-google-cloud-infrastructure-foundation-5
257914,https://www.pluralsight.com/courses/mitigating-security-vulnerabilities-google-cloud-4
257915,https://www.pluralsight.com/courses/security-best-practices-google-cloud-5
257916,https://www.pluralsight.com/courses/develop-deploy-windows-applications-google-cloud-1
257917,https://www.pluralsight.com/courses/salesforce-administration-workflow-process-automation-cert
257918,https://www.pluralsight.com/courses/ibm-guardium-data-protection-foundations-2
257921,https://www.pluralsight.com/courses/nat-vpns-using-palo-alto-firewalls-configure
257950,https://www.pluralsight.com/courses/formulating-strategy-change-management
257953,https://www.pluralsight.com/courses/executing-the-plan-change-management
257954,https://www.pluralsight.com/courses/outsystems-11-platform-fundamentals
257955,https://www.pluralsight.com/courses/powerpoint-365-power-users0
257956,https://www.pluralsight.com/courses/microsoft-365-defender-mitigate-threats0
257957,https://www.pluralsight.com/courses/eyewitness-reconnaissance0
257958,https://www.pluralsight.com/courses/clean-transform-and-load-data-power-bi
257959,https://www.pluralsight.com/courses/google-docs-10
257960,https://www.pluralsight.com/courses/vue-3-end-to-end-testing-cypress0
257965,https://www.pluralsight.com/courses/lightroom-cc-map-web-modules
258040,https://www.pluralsight.com/courses/nuke-green-screen-keying-building-fundamentals
258057,https://www.pluralsight.com/courses/information-cyber-security-literacy-governance-risk-compliance
258058,https://www.pluralsight.com/courses/audition-cc-audio-effects
258077,https://www.pluralsight.com/courses/failover-conference-session-01
258081,https://www.pluralsight.com/courses/failover-conference-session-10
258085,https://www.pluralsight.com/courses/failover-conference-session-08
258086,https://www.pluralsight.com/courses/failover-conference-session-06
258087,https://www.pluralsight.com/courses/failover-conference-session-03
258089,https://www.pluralsight.com/courses/pluralsight-live-2020-keynote-bernard-gavgani
258090,https://www.pluralsight.com/courses/failover-conference-session-13
258115,https://www.pluralsight.com/courses/microsoft-search-managing
258118,https://www.pluralsight.com/courses/powerpoint-2021-power-users
258119,https://www.pluralsight.com/courses/powerpoint-365-power-users
258121,https://www.pluralsight.com/courses/lightroom-classic-cc-updates
258184,https://www.pluralsight.com/courses/revit-file-management-techniques-bim-managers
258222,https://www.pluralsight.com/courses/ibm-security-qradar-threat-hunt
258280,https://www.pluralsight.com/courses/react-18-big-picture
258308,https://www.pluralsight.com/courses/compositing-tips-tricks-fusion-94166
258558,https://www.pluralsight.com/courses/compositing-tips-tricks-fusion-941633
258608,https://www.pluralsight.com/courses/vmware-workspace-one-installation-configuration-setup-cert
258614,https://www.pluralsight.com/courses/compositing-tips-tricks-fusion-941145
258666,https://www.pluralsight.com/courses/compositing-tips-tricks-fusion-941277
258759,https://www.pluralsight.com/courses/compositing-tips-tricks-fusion-941521
258767,https://www.pluralsight.com/courses/compositing-tips-tricks-fusion-941565
258802,https://www.pluralsight.com/courses/compositing-tips-tricks-fusion-941664
258833,https://www.pluralsight.com/courses/html-css-playbook
258853,https://www.pluralsight.com/courses/compositing-tips-tricks-fusion-941167
258888,https://www.pluralsight.com/courses/compositing-tips-tricks-fusion-941266
258898,https://www.pluralsight.com/courses/compositing-tips-tricks-fusion-941302
259061,https://www.pluralsight.com/courses/civil-3d-getting-started-using-points
259112,https://www.pluralsight.com/courses/autocad-extracting-data-drawings
259116,https://www.pluralsight.com/courses/profdev-series-agent-of-change
259118,https://www.pluralsight.com/courses/protocol-deep-dive-snmp
259121,https://www.pluralsight.com/courses/procuring-cloud-services-itil-4-specialist-amcs
259122,https://www.pluralsight.com/courses/production-machine-learning-systems-4
259123,https://www.pluralsight.com/courses/production-machine-learning-systems-2
259124,https://www.pluralsight.com/courses/production-machine-learning-systems-3
259126,https://www.pluralsight.com/courses/product-design-pipeline-modeling-watch-rhino-1988
259127,https://www.pluralsight.com/courses/prototyping-service-design
259131,https://www.pluralsight.com/courses/profdev-series-productivity-without-overwhelm
259160,https://www.pluralsight.com/courses/protective-technology-apache-kafka
259179,https://www.pluralsight.com/courses/product-visualization-maya-3598
259206,https://www.pluralsight.com/courses/procedural-rigging-python-maya-2283
259213,https://www.pluralsight.com/courses/profdev-series-workplace-belonging
259215,https://www.pluralsight.com/courses/profdev-series-management-recipes
259223,https://www.pluralsight.com/courses/product-owner-engaging-team-members-customers-cert
259224,https://www.pluralsight.com/courses/product-strategy-product-introduction
259227,https://www.pluralsight.com/courses/prometheus-running-production
259228,https://www.pluralsight.com/courses/protective-technology-dockle
259232,https://www.pluralsight.com/courses/cisco-aci-troubleshooting
259235,https://www.pluralsight.com/courses/elastic-google-cloud-infrastructure-scaling-automation-10
259236,https://www.pluralsight.com/courses/managing-google-workspace-2
259237,https://www.pluralsight.com/courses/dot-net-6-working-xml
259238,https://www.pluralsight.com/courses/elastic-google-cloud-infrastructure-scaling-automation-100
259239,https://www.pluralsight.com/courses/google-cloud-big-data-machine-learning-fundamentals-4
259240,https://www.pluralsight.com/courses/production-machine-learning-systems-6
259241,https://www.pluralsight.com/courses/google-sheets-1
259247,https://www.pluralsight.com/courses/powershell-continuous-monitoring
259249,https://www.pluralsight.com/courses/ibm-certified-deployment-professional---security-qradar-siem-v7-dot-4-dot-3-c1000-140-1
259256,https://www.pluralsight.com/courses/ibm-cloud-pak-security-1-dot-10-administrator-1
259257,https://www.pluralsight.com/courses/digital-transformation-google-cloud
259258,https://www.pluralsight.com/courses/essential-google-cloud-infrastructure-core-services-11
259259,https://www.pluralsight.com/courses/introduction-google-workspace-administration-1
259260,https://www.pluralsight.com/courses/google-workspace-security-2
259261,https://www.pluralsight.com/courses/understanding-google-cloud-costs-3
259262,https://www.pluralsight.com/courses/google-sheets-10
259264,https://www.pluralsight.com/courses/google-calendar-1
259265,https://www.pluralsight.com/courses/managing-machine-learning-projects-google-cloud-3
259266,https://www.pluralsight.com/courses/google-docs-2
259268,https://www.pluralsight.com/courses/innovating-data-google-cloud-5
259269,https://www.pluralsight.com/courses/google-workspace-mail-management-2
259270,https://www.pluralsight.com/courses/jakarta-ee-10-rabbitmq-messaging
259271,https://www.pluralsight.com/courses/product-speaker-series-making-research-matter
259272,https://www.pluralsight.com/courses/docker-tactics-tools-troubleshooting
259273,https://www.pluralsight.com/courses/google-sheets---advanced-topics-1
259275,https://www.pluralsight.com/courses/pluralsight-live-2020-engaging-tech-teams-innovation
259280,https://www.pluralsight.com/courses/aws-sysops-admin-implement-backup-restore-strategies
259283,https://www.pluralsight.com/courses/google-sheets---advanced-topics-10
259284,https://www.pluralsight.com/courses/information-security-program-cism-cert
259287,https://www.pluralsight.com/courses/it-service-quality-management
259289,https://www.pluralsight.com/courses/talent-transformation-101-change-management-part-2
259293,https://www.pluralsight.com/courses/secure-software-concepts-csslp
259303,https://www.pluralsight.com/courses/specialized-engineering-enterprise-hybrid-cloud
259305,https://www.pluralsight.com/courses/jquery-big-picture
259311,https://www.pluralsight.com/courses/thoughtspot-business-analyst
259314,https://www.pluralsight.com/courses/vmware-nsx-t-data-center-installation-configuration-cert
259319,https://www.pluralsight.com/courses/asp-dot-net-core-6-debugging-error-handling
259320,https://www.pluralsight.com/courses/ibm-certified-deployment-professional---security-qradar-siem-v7-dot-4-dot-3-c1000-140-10
259321,https://www.pluralsight.com/courses/lbaas-cloud-load-balancers-unleashing-power-it-ops-sessions
259322,https://www.pluralsight.com/courses/logging-monitoring-observability-google-cloud-3
259324,https://www.pluralsight.com/courses/xamarin-forms-5-big-picture
259334,https://www.pluralsight.com/courses/wordpress-getting-started
259340,https://www.pluralsight.com/courses/unit-testing-fundamentals
259343,https://www.pluralsight.com/courses/asp-dot-net-core-6-deploying-web-api-azure-management
259344,https://www.pluralsight.com/courses/automate-machine-learning-databricks-automl
259345,https://www.pluralsight.com/courses/typescript-4-in-depth
259346,https://www.pluralsight.com/courses/implementing-localization-java-se-11-developer-certification-1z0-819
259348,https://www.pluralsight.com/courses/microsoft-devops-solutions-developing-security-compliance
259351,https://www.pluralsight.com/courses/ef-core-6-encapsulating-usage
259352,https://www.pluralsight.com/courses/whats-new-windows-11
259353,https://www.pluralsight.com/courses/go-conditionals
259354,https://www.pluralsight.com/courses/prince2-overview
259363,https://www.pluralsight.com/courses/mem-intune-deploy-applications
259366,https://www.pluralsight.com/courses/f-sharp-6-fundamentals
259367,https://www.pluralsight.com/courses/big-data-ldn-2020-data-streaming
259369,https://www.pluralsight.com/courses/microsoft-devops-solutions-designing-build-automation
259372,https://www.pluralsight.com/courses/ng-conf-enterprise-session-13
259374,https://www.pluralsight.com/courses/kali-linux-password-wireless-attacks
259381,https://www.pluralsight.com/courses/interacting-data-using-jquery-ajax
259389,https://www.pluralsight.com/courses/veeam-availability-suite-v11-backup-recovery
259390,https://www.pluralsight.com/courses/c-sharp-10-collections-generics
259392,https://www.pluralsight.com/courses/product-management-product-discovery
259397,https://www.pluralsight.com/courses/java-se-17-building-application
259400,https://www.pluralsight.com/courses/microsoft-devops-solutions-developing-modern-source-control-strategy
259401,https://www.pluralsight.com/courses/microsoft-azure-iot-developer-create-configure-iot-hub
259402,https://www.pluralsight.com/courses/react-18-using-hooks
259430,https://www.pluralsight.com/courses/devops-foundations-core-concepts-fundamentals
259431,https://www.pluralsight.com/courses/angular-end-to-end-testing-cypress
259432,https://www.pluralsight.com/courses/aiops-building-digital-immune-system-it-ops-sessions
259436,https://www.pluralsight.com/courses/featuring-sharing-discovery-databricks-feature-store
259443,https://www.pluralsight.com/courses/c-sharp-10-expression-trees
259459,https://www.pluralsight.com/courses/windows-server-2022-migrate-servers-workloads-cert
259464,https://www.pluralsight.com/courses/ef-core-6-using-azure-cosmos-db
259466,https://www.pluralsight.com/courses/managing-models-mlflow-databricks
259468,https://www.pluralsight.com/courses/pci-dss-compliance-framework
259473,https://www.pluralsight.com/courses/stringbuilder-internals
259474,https://www.pluralsight.com/courses/azure-devops-server-2020-fundamentals
259484,https://www.pluralsight.com/courses/mulesoft4-fundamentals
259486,https://www.pluralsight.com/courses/microsoft-azure-solutions-architect-implement-sql-databases-strategy
259488,https://www.pluralsight.com/courses/fundamentals-github
259489,https://www.pluralsight.com/courses/javascript-express-building-rest-api
259501,https://www.pluralsight.com/courses/nagios-os-analysis
259502,https://www.pluralsight.com/courses/ansible-network-workflows-integrating-it-service-management
259505,https://www.pluralsight.com/courses/asp-dot-net-core-6-web-api-documenting-swagger
259515,https://www.pluralsight.com/courses/building-serverless-api-tier-amazon-api-gateway
259517,https://www.pluralsight.com/courses/spring-boot-2-big-picture
259519,https://www.pluralsight.com/courses/implementing-authentication-serverless-http-api-aws
259522,https://www.pluralsight.com/courses/working-arrays-collections-c-sharp
259526,https://www.pluralsight.com/courses/practical-encryption-and-cryptography-using-python
259529,https://www.pluralsight.com/courses/search-expert-101
259531,https://www.pluralsight.com/courses/secure-software-deployment-ops-maintenance-csslp
259532,https://www.pluralsight.com/courses/c-sharp-10-asynchronous-programming
259537,https://www.pluralsight.com/courses/google-slides-10
259538,https://www.pluralsight.com/courses/google-slides-11
259539,https://www.pluralsight.com/courses/google-drive-12
259540,https://www.pluralsight.com/courses/google-drive-10
259541,https://www.pluralsight.com/courses/google-drive-11
259542,https://www.pluralsight.com/courses/aws-certified-sysops-admin---associate
259543,https://www.pluralsight.com/courses/google-meet-google-chat-2
259544,https://www.pluralsight.com/courses/google-slides-12
259545,https://www.pluralsight.com/courses/c-sharp-10-whats-new
259550,https://www.pluralsight.com/courses/c-sharp-10-debugging
259558,https://www.pluralsight.com/courses/microsoft-intune-introduction
259563,https://www.pluralsight.com/courses/react-what-is
259566,https://www.pluralsight.com/courses/orchestration-automation-big-picture-2022
259568,https://www.pluralsight.com/courses/windows-11-internals-processes-jobs
